,0,1,2,3,4,5,6,7,8,9,10,11,12,13,14,15,16,17,18,19,20
100,000.0000,003.4366,007.0191,010.7666,014.7029,018.8583,023.2720,027.9974,689.4923,690.1318,690.7657,691.3940,692.0170,692.6347,693.2472,693.8546,694.4570,695.0547,695.6475,696.2357,696.8193
101,000.0000,003.4006,006.9410,010.6388,014.5157,018.5990,022.9238,027.5367,032.5019,683.7012,684.3734,685.0392,685.6989,686.3526,687.0003,687.6424,688.2787,688.9096,689.5351,690.1553,690.7704
102,000.0000,003.3654,006.8648,010.5145,014.3343,018.3489,022.5896,027.0975,031.9278,677.0862,677.8012,678.5089,679.2094,679.9031,680.5900,681.2704,681.9443,682.6119,683.2734,683.9289,684.5786
103,000.0000,003.3310,006.7904,010.3934,014.1582,018.1071,022.2682,026.6778,031.3838,036.4526,671.0297,671.7843,672.5307,673.2691,673.9997,674.7227,675.4384,676.1468,676.8483,677.5428,678.2307
104,000.0000,003.2972,006.7178,010.2756,013.9873,017.8733,021.9588,026.2760,030.8668,035.7878,041.1188,664.8436,665.6417,666.4305,667.2102,667.9811,668.7435,669.4975,670.2435,670.9815,671.7119
105,000.0000,003.2642,006.6468,010.1607,013.8213,017.6469,021.6605,025.8907,030.3742,035.1597,040.3143,657.6605,658.5174,659.3634,660.1987,661.0238,661.8388,662.6442,663.4401,664.2269,665.0049
106,000.0000,003.2319,006.5775,010.0488,013.6598,017.4276,021.3726,025.5206,029.9038,034.5645,039.5595,044.9684,651.1280,652.0395,652.9384,653.8251,654.7000,655.5635,656.4159,657.2577,658.0892
107,000.0000,003.2002,006.5097,009.9396,013.5028,017.2149,021.0945,025.1645,029.4536,033.9988,038.8484,044.0688,049.7549,644.4242,645.3964,646.3540,647.2976,648.2276,649.1446,650.0489,650.9411
108,000.0000,003.1692,006.4434,009.8331,013.3500,017.0085,020.8254,024.8215,029.0221,033.4597,038.1760,043.2268,048.6898,054.6785,637.5326,638.5728,639.5960,640.6029,641.5942,642.5704,643.5321
109,000.0000,003.1387,006.3786,009.7291,013.2012,016.8080,020.5650,024.4906,028.6078,032.9449,037.5382,042.4351,047.7000,053.4239,629.2970,630.4346,631.5513,632.6482,633.7260,634.7855,635.8276
110,000.0000,003.1089,006.3152,009.6275,013.0562,016.6132,020.3126,024.1712,028.2094,032.4523,036.9316,041.6880,046.7753,052.2677,058.2721,621.8798,623.1081,624.3117,625.4917,626.6493,627.7855
111,000.0000,003.0797,006.2531,009.5283,012.9149,016.4238,020.0679,023.8624,027.8257,031.9801,036.3533,040.9805,045.9072,051.1947,056.9283,063.2337,614.1951,615.5275,616.8302,618.1048,619.3529
112,000.0000,003.0510,006.1923,009.4314,012.7771,016.2395,019.8304,023.5637,027.4558,031.5267,035.8008,040.3086,045.0891,050.1933,055.6905,061.6791,068.3065,606.2090,607.6620,609.0790,610.4622
113,000.0000,003.0229,006.1327,009.3366,012.6426,016.0601,019.5998,023.2744,027.0987,031.0907,035.2719,039.6690,044.3154,049.2543,054.5426,060.2588,066.5157,073.4864,597.8806,599.4749,601.0250
114,000.0000,002.9953,006.0744,009.2439,012.5113,015.8853,019.3756,022.9939,026.7537,030.6709,034.7647,039.0586,043.5815,048.3701,053.4719,058.9505,064.8941,071.4318,078.7662,589.1590,590.9210
115,000.0000,002.9683,006.0173,009.1532,012.3831,015.7149,019.1577,022.7219,026.4199,030.2661,034.2775,038.4749,042.8834,047.5346,052.4684,057.7371,063.4111,069.5894,076.4189,084.1355,579.9802
116,000.0000,002.9417,005.9613,009.0645,012.2579,015.5488,018.9456,022.4579,026.0968,029.8754,033.8090,037.9158,042.2179,046.7426,051.5239,056.6052,062.0436,067.9170,074.3355,081.4655,089.5794
117,000.0000,002.9156,005.9064,008.9776,012.1355,015.3867,018.7391,022.2014,025.7837,029.4979,033.3576,037.3792,041.5821,045.9899,050.6318,055.5443,060.7744,066.3844,072.4594,079.1216,086.5574
118,000.0000,002.8900,005.8525,008.8926,012.0158,015.2286,018.5380,021.9520,025.4801,029.1327,032.9224,036.8636,040.9735,045.2728,049.7865,054.5458,059.5898,064.9691,070.7509,077.0280,083.9344
119,000.0000,002.8648,005.7997,008.8093,011.8988,015.0742,018.3419,021.7095,025.1854,028.7792,032.5022,036.3673,040.3899,044.5880,048.9834,053.6028,058.4790,063.6539,069.1814,075.1337,081.6109
120,000.0000,002.8401,005.7479,008.7277,011.7843,014.9233,018.1507,021.4734,024.8991,028.4366,032.0961,035.8891,039.8294,043.9329,048.2185,052.7093,057.4333,062.4251,067.7290,073.4023,079.5219
121,000.0000,002.8159,005.6971,008.6477,011.6723,014.7759,017.9642,021.2435,024.6209,028.1044,031.7032,035.4278,039.2903,043.3049,047.4884,051.8605,056.4453,061.2720,066.3771,071.8071,077.6222
122,000.0000,002.7920,005.6472,008.5693,011.5626,014.6318,017.7822,021.0195,024.3503,027.7820,031.3227,034.9821,038.7711,042.7021,046.7900,051.0521,055.5090,060.1856,065.1124,070.3275,075.8792
123,000.0000,002.7686,005.5982,008.4924,011.4552,014.4909,017.6045,020.8012,024.0870,027.4688,030.9540,034.5513,038.2704,042.1226,046.1209,050.2805,054.6193,059.1586,063.9242,068.9477,074.2683
124,000.0000,002.7456,005.5501,008.4170,011.3500,014.3531,017.4308,020.5882,023.8306,027.1644,030.5964,034.1343,037.7870,041.5647,045.4787,049.5426,053.7718,058.1849,062.8038,067.6549,072.7705
125,000.0000,002.7229,005.5029,008.3430,011.2469,014.2182,017.2611,020.3803,023.5809,026.8684,030.2492,033.7304,037.3199,041.0268,044.8614,048.8356,052.9629,057.2594,061.7438,066.4386,071.3708
126,000.0000,002.7006,005.4565,008.2704,011.1458,014.0861,017.0952,020.1774,023.3374,026.5803,029.9119,033.3388,036.8680,040.5078,044.2673,048.1571,052.1891,056.3774,060.7381,065.2904,070.0570
127,000.0000,002.6788,005.4109,008.1992,011.0468,013.9568,016.9330,019.9792,023.0999,026.2998,029.5841,032.9588,036.4305,040.0063,043.6947,047.5050,051.4477,055.5352,059.7816,064.2031,068.8192
128,000.0000,002.6572,005.3661,008.1293,010.9496,013.8302,016.7743,019.7856,022.8682,026.0265,029.2653,032.5899,036.0064,039.5214,043.1422,046.8774,050.7362,054.7295,058.8696,063.1706,067.6491
129,000.0000,002.6360,005.3221,008.0606,010.8543,013.7061,016.6189,019.5963,022.6420,025.7601,028.9549,032.2314,035.5951,039.0519,042.6086,046.2726,050.0523,053.9573,057.9984,062.1878,066.5398
130,000.0000,002.6152,005.2788,007.9932,010.7609,013.5844,016.4668,019.4113,022.4212,025.5003,028.6527,031.8829,035.1959,038.5971,042.0926,045.6891,049.3941,053.2161,057.1645,061.2502,065.4855
131,000.0000,002.5947,005.2363,007.9270,010.6691,013.4652,016.3179,019.2302,022.2054,025.2467,028.3582,031.5438,034.8081,038.1560,041.5931,045.1255,048.7597,052.5034,056.3650,060.3539,064.4809
132,000.0000,002.5745,005.1945,007.8619,010.5791,013.3483,016.1720,019.0531,021.9944,024.9993,028.0711,031.2136,034.4311,037.7280,041.1093,044.5805,048.1476,051.8174,055.5973,059.4956,063.5218
133,000.0000,002.5547,005.1534,007.7980,010.4907,013.2336,016.0291,018.8797,021.7882,024.7576,027.7910,030.8921,034.0645,037.3123,040.6403,044.0531,047.5564,051.1562,054.8590,058.6723,062.6043
134,000.0000,002.5351,005.1129,007.7352,010.4039,013.1211,015.8889,018.7099,021.5865,024.5214,027.5178,030.5787,033.7076,036.9084,040.1851,043.5423,046.9848,050.5181,054.1481,057.8813,061.7251
135,000.0000,002.5159,005.0731,007.6734,010.3186,013.0106,015.7515,018.5436,021.3891,024.2906,027.2510,030.2730,033.3601,036.5155,039.7431,043.0470,046.4316,049.9017,053.4627,057.1204,060.8813
136,000.0000,002.4969,005.0340,007.6127,010.2349,012.9022,015.6168,018.3806,021.1959,024.0649,026.9904,029.9749,033.0215,036.1332,039.3137,042.5665,045.8956,049.3056,052.8011,056.3874,060.0702
137,000.0000,002.4783,004.9954,007.5530,010.1526,012.7958,015.4846,018.2209,021.0067,023.8442,026.7357,029.6839,032.6913,035.7610,038.8961,042.0999,045.3760,048.7286,052.1619,055.6805,059.2895
138,000.0000,002.4599,004.9575,007.4943,010.0717,012.6913,015.3550,018.0643,020.8214,023.6281,026.4868,029.3997,032.3693,035.3984,038.4897,041.6465,044.8719,048.1696,051.5436,054.9979,058.5371
139,000.0000,002.4418,004.9202,007.4365,009.9922,012.5887,015.2277,017.9108,020.6398,023.4167,026.2434,029.1221,032.0551,035.0449,038.0941,041.2056,044.3823,047.6276,050.9450,054.3381,057.8112
140,000.0000,002.4239,004.8834,007.3797,009.9140,012.4879,015.1027,017.7602,020.4619,023.2096,026.0052,028.8508,031.7483,034.7002,037.7088,040.7767,043.9067,047.1017,050.3649,053.6998,057.1100
141,000.0000,002.4064,004.8472,007.3237,009.8371,012.3888,014.9801,017.6124,020.2875,023.0068,025.7722,028.5855,031.4487,034.3638,037.3332,040.3591,043.4441,046.5909,049.8024,053.0817,056.4320
142,000.0000,002.3891,004.8116,007.2687,009.7616,012.2914,014.8596,017.4674,020.1164,022.8081,025.5441,028.3260,031.1559,034.0355,036.9669,039.9523,042.9941,046.0946,049.2565,052.4826,055.7759
143,000.0000,002.3720,004.7765,007.2145,009.6872,012.1957,014.7412,017.3251,019.9486,022.6133,025.3206,028.0722,030.8696,033.7148,036.6095,039.5559,042.5559,045.6119,048.7263,051.9015,055.1403
144,000.0000,002.3552,004.7419,007.1612,009.6141,012.1016,014.6249,017.1853,019.7840,022.4224,025.1018,027.8237,030.5897,033.4015,036.2607,039.1693,042.1291,045.1423,048.2109,051.3374,054.5241
145,000.0000,002.3386,004.7079,007.1087,009.5421,012.0090,014.5107,017.0481,019.6225,022.2351,024.8873,027.5804,030.3159,033.0952,035.9201,038.7921,041.7131,044.6850,047.7097,050.7893,053.9262
146,000.0000,002.3223,004.6743,007.0570,009.4712,011.9180,014.3983,016.9133,019.4639,022.0515,024.6771,027.3421,030.0479,032.7958,035.5873,038.4240,041.3075,044.2395,047.2219,050.2566,053.3456
147,000.0000,002.3062,004.6413,007.0061,009.4015,011.8285,014.2879,016.7808,019.3082,021.8712,024.4710,027.1087,029.7855,032.5028,035.2620,038.0644,040.9117,043.8053,046.7470,049.7384,052.7815
148,000.0000,002.2903,004.6087,006.9559,009.3329,011.7404,014.1793,016.6507,019.1553,021.6944,024.2688,026.8798,029.5285,032.2161,034.9439,037.7132,040.5253,043.3818,046.2842,049.2340,052.2329
149,000.0000,002.2746,004.5766,006.9065,009.2653,011.6537,014.0726,016.5227,019.0052,021.5208,024.0705,026.6555,029.2768,031.9355,034.6328,037.3699,040.1481,042.9687,045.8331,048.7428,051.6992
150,000.0000,002.2592,004.5449,006.8579,009.1988,011.5684,013.9675,016.3970,018.8576,021.3503,023.8760,026.4356,029.0302,031.6607,034.3284,037.0342,039.7795,042.5653,045.3931,048.2641,051.1797
151,000.0000,002.2440,004.5137,006.8099,009.1332,011.4844,013.8642,016.2733,018.7126,021.1828,023.6850,026.2198,028.7884,031.3915,034.0304,036.7059,039.4192,042.1714,044.9637,047.7973,050.6735
152,000.0000,002.2289,004.4829,006.7626,009.0687,011.4017,013.7625,016.1517,018.5700,021.0184,023.4975,026.0081,028.5513,031.1278,033.7386,036.3846,039.0669,041.7865,044.5445,047.3420,050.1802
153,000.0000,002.2141,004.4526,006.7160,009.0051,011.3203,013.6624,016.0320,018.4299,020.8568,023.3133,025.8004,028.3187,030.8692,033.4527,036.0701,038.7223,041.4103,044.1351,046.8977,049.6992
154,000.0000,002.1995,004.4227,006.6701,008.9424,011.2401,013.5639,015.9144,018.2921,020.6980,023.1325,025.5964,028.0906,030.6158,033.1727,035.7622,038.3852,041.0425,043.7351,046.4639,049.2298
155,000.0000,002.1851,004.3932,006.6249,008.8807,011.1612,013.4669,015.7986,018.1566,020.5418,022.9548,025.3962,027.8668,030.3672,032.8982,035.4606,038.0551,040.6826,043.3440,046.0401,048.7717
156,000.0000,002.1708,004.3641,006.5802,008.8198,011.0834,013.3715,015.6846,018.0234,020.3884,022.7802,025.1995,027.6470,030.1233,032.6290,035.1650,037.7319,040.3305,042.9616,045.6259,048.3243
157,000.0000,002.1568,004.3353,006.5362,008.7599,011.0068,013.2774,015.5724,017.8922,020.2374,022.6086,025.0064,027.4313,029.8840,032.3651,034.8753,037.4153,039.9858,042.5874,045.2210,047.8872
158,000.0000,002.1429,004.3070,006.4928,008.7007,010.9312,013.1848,015.4620,017.7632,020.0890,022.4399,024.8165,027.2194,029.6491,032.1062,034.5913,037.1051,039.6482,042.2213,044.8250,047.4600
159,000.0000,002.1292,004.2791,006.4500,008.6424,010.8568,013.0936,015.3532,017.6362,019.9430,022.2741,024.6300,027.0113,029.4185,031.8521,034.3128,036.8011,039.3175,041.8628,044.4375,047.0422
160,000.0000,002.1157,004.2515,006.4078,008.5850,010.7835,013.0037,015.2462,017.5112,019.7993,022.1110,024.4466,026.8068,029.1920,031.6028,034.0396,036.5029,038.9935,041.5117,044.0582,046.6336
161,000.0000,002.1024,004.2243,006.3661,008.5283,010.7112,012.9152,015.1407,017.3881,019.6579,021.9505,024.2664,026.6059,028.9696,031.3580,033.7715,036.2106,038.6759,041.1678,043.6869,046.2337
162,000.0000,002.0892,004.1974,006.3250,008.4724,010.6399,012.8279,015.0368,017.2670,019.5188,021.7927,024.0891,026.4084,028.7511,031.1176,033.5083,035.9238,038.3644,040.8307,043.3232,045.8423
163,000.0000,002.0762,004.1709,006.2845,008.4173,010.5697,012.7419,014.9345,017.1476,019.3818,021.6374,023.9147,026.2142,028.5363,030.8815,033.2500,035.6423,038.0590,040.5003,042.9669,045.4590
164,000.0000,002.0633,004.1447,006.2445,008.3629,010.5004,012.6571,014.8336,017.0301,019.2469,021.4845,023.7432,026.0233,028.3253,030.6495,032.9963,035.3661,037.7593,040.1764,042.6176,045.0836
165,000.0000,002.0507,004.1189,006.2050,008.3093,010.4320,012.5736,014.7342,016.9143,019.1141,021.3341,023.5744,025.8355,028.1178,030.4215,032.7471,035.0949,037.4653,039.8586,042.2753,044.7157
166,000.0000,002.0381,004.0934,006.1660,008.2563,010.3646,012.4912,014.6363,016.8002,018.9833,021.1859,023.4083,025.6508,027.9138,030.1975,032.5023,034.8286,037.1766,039.5468,041.9395,044.3550
167,000.0000,002.0258,004.0682,006.1275,008.2041,010.2981,012.4099,014.5397,016.6878,018.8545,021.0401,023.2449,025.4691,027.7131,029.9772,032.2618,034.5670,036.8933,039.2409,041.6102,044.0015
168,000.0000,002.0135,004.0433,006.0896,008.1526,010.2326,012.3298,014.4445,016.5770,018.7276,020.8965,023.0839,025.2903,027.5158,029.7607,032.0253,034.3100,036.6150,038.9405,041.2870,043.6547
169,000.0000,002.0015,004.0187,006.0521,008.1017,010.1678,012.2508,014.3507,016.4679,018.6026,020.7550,022.9255,025.1143,027.3216,029.5477,031.7929,034.0574,036.3416,038.6456,040.9698,043.3145
170,000.0000,001.9895,003.9945,006.0151,008.0515,010.1040,012.1728,014.2581,016.3602,018.4793,020.6157,022.7695,024.9410,027.1305,029.3382,031.5643,033.8092,036.0730,038.3560,040.6585,042.9807
171,000.0000,001.9777,003.9705,005.9785,008.0019,010.0410,012.0959,014.1669,016.2541,018.3579,020.4784,022.6158,024.7704,026.9424,029.1321,031.3396,033.5651,035.8090,038.0715,040.3527,042.6530
172,000.0000,001.9661,003.9468,005.9424,007.9530,009.9788,012.0200,014.0768,016.1495,018.2382,020.3431,022.4644,024.6024,026.7573,028.9292,031.1185,033.3252,035.5496,037.7919,040.0524,042.3313
173,000.0000,001.9546,003.9235,005.9068,007.9047,009.9174,011.9451,013.9880,016.0463,018.1202,020.2098,022.3153,024.4370,026.5750,028.7296,030.9009,033.0892,035.2945,037.5172,039.7574,042.0153
174,000.0000,001.9432,003.9004,005.8715,007.8570,009.8568,011.8712,013.9004,015.9446,018.0038,020.0783,022.1684,024.2740,026.3956,028.5331,030.6869,032.8570,035.0437,037.2471,039.4675,041.7050
175,000.0000,001.9320,003.8775,005.8368,007.8099,009.7970,011.7983,013.8140,015.8442,017.8891,019.9488,022.0236,024.1135,026.2188,028.3397,030.4762,032.6286,034.7970,036.9816,039.1826,041.4000
176,000.0000,001.9209,003.8550,005.8024,007.7633,009.7379,011.7263,013.7287,015.7452,017.7759,019.8211,021.8808,023.9553,026.0447,028.1491,030.2688,032.4038,034.5543,036.7205,038.9024,041.1004
177,000.0000,001.9099,003.8327,005.7685,007.7174,009.6796,011.6553,013.6445,015.6475,017.6643,019.6951,021.7401,023.7994,025.8732,027.9615,030.0646,032.1825,034.3155,036.4636,038.6270,040.8058
178,000.0000,001.8991,003.8106,005.7349,007.6720,009.6220,011.5851,013.5614,015.5511,017.5542,019.5710,021.6014,023.6458,025.7042,027.7767,029.8635,031.9647,034.0805,036.2109,038.3561,040.5162
179,000.0000,001.8883,003.7889,005.7018,007.6272,009.5651,011.5159,013.4794,015.4560,017.4456,019.4485,021.4647,023.4944,025.5377,027.5947,029.6655,031.7503,033.8492,035.9623,038.0897,040.2315
180,000.0000,001.8777,003.7674,005.6690,007.5829,009.5090,011.4475,013.3985,015.3621,017.3384,019.3276,021.3298,023.3451,025.3735,027.4153,029.4705,031.5392,033.6215,035.7176,037.8275,039.9514
181,000.0000,001.8672,003.7461,005.6367,007.5391,009.4535,011.3799,013.3185,015.2694,017.2327,019.2084,021.1968,023.1979,025.2117,027.2385,029.2783,031.3312,033.3973,035.4767,037.5695,039.6758
182,000.0000,001.8569,003.7251,005.6047,007.4959,009.3987,011.3132,013.2396,015.1779,017.1283,019.0908,021.0656,023.0527,025.0522,027.0643,029.0889,031.1263,033.1765,035.2396,037.3156,039.4047
183,000.0000,001.8466,003.7043,005.5731,007.4531,009.3445,011.2473,013.1617,015.0876,017.0253,018.9748,020.9362,022.9095,024.8949,026.8925,028.9023,030.9245,032.9590,035.0061,037.0657,039.1379
184,000.0000,001.8365,003.6837,005.5418,007.4109,009.2910,011.1822,013.0847,014.9985,016.9236,018.8603,020.8085,022.7683,024.7398,026.7232,028.7184,030.7256,032.7448,034.7761,036.8196,038.8753
185,000.0000,001.8264,003.6634,005.5109,007.3691,009.2381,011.1179,013.0087,014.9104,016.8233,018.7472,020.6825,022.6290,024.5869,026.5562,028.5371,030.5296,032.5338,034.5496,036.5773,038.6168
186,000.0000,001.8165,003.6433,005.4804,007.3279,009.1859,011.0544,012.9336,014.8235,016.7242,018.6357,020.5581,022.4915,024.4360,026.3916,028.3584,030.3364,032.3258,034.3265,036.3386,038.3622
187,000.0000,001.8067,003.6234,005.4502,007.2871,009.1342,010.9917,012.8594,014.7376,016.6263,018.5255,020.4354,022.3559,024.2872,026.2292,028.1822,030.1460,032.1208,034.1066,036.1035,038.1115
188,000.0000,001.7970,003.6038,005.4203,007.2468,009.0832,010.9296,012.7862,014.6528,016.5297,018.4168,020.3143,022.2221,024.1403,026.0691,028.0084,029.9582,031.9188,033.8900,035.8719,037.8646
189,000.0000,001.7874,003.5843,005.3908,007.2069,009.0328,010.8684,012.7138,014.5690,016.4343,018.3094,020.1947,022.0900,023.9954,025.9111,027.8370,029.7731,031.7196,033.6764,035.6437,037.6213
190,000.0000,001.7779,003.5651,005.3616,007.1675,008.9829,010.8078,012.6422,014.4863,016.3400,018.2034,020.0766,021.9596,023.8525,025.7552,027.6679,029.5905,031.5232,033.4659,035.4187,037.3816
191,000.0000,001.7685,003.5461,005.3327,007.1286,008.9336,010.7479,012.5715,014.4045,016.2469,018.0987,019.9601,021.8309,023.7113,025.6014,027.5011,029.4105,031.3296,033.2584,035.1970,037.1455
192,000.0000,001.7592,003.5273,005.3042,007.0900,008.8849,010.6888,012.5017,014.3237,016.1549,017.9953,019.8449,021.7038,023.5721,025.4496,027.3365,029.2328,031.1386,033.0538,034.9785,036.9127
193,000.0000,001.7500,003.5086,005.2759,007.0519,008.8367,010.6303,012.4326,014.2439,016.0641,017.8932,019.7313,021.5784,023.4345,025.2998,027.1741,029.0576,030.9502,032.8520,034.7630,036.6833
194,000.0000,001.7409,003.4902,005.2480,007.0143,008.7891,010.5724,012.3644,014.1650,015.9743,017.7923,019.6190,021.4545,023.2988,025.1519,027.0139,028.8847,030.7644,032.6530,034.5506,036.4571
195,000.0000,001.7319,003.4720,005.2204,006.9770,008.7419,010.5153,012.2969,014.0870,015.8856,017.6926,019.5081,021.3322,023.1648,025.0059,026.8557,028.7141,030.5811,032.4567,034.3410,036.2340
196,000.0000,001.7230,003.4540,005.1930,006.9401,008.6954,010.4587,012.2302,014.0100,015.7979,017.5941,019.3986,021.2113,023.0324,024.8618,026.6996,028.5457,030.4002,032.2631,034.1344,036.0141
197,000.0000,001.7142,003.4361,005.1660,006.9037,008.6493,010.4028,012.1643,013.9338,015.7113,017.4968,019.2903,021.0920,022.9017,024.7195,026.5454,028.3795,030.2217,032.0720,033.9305,035.7972
198,000.0000,001.7054,003.4185,005.1392,006.8676,008.6037,010.3475,012.0991,013.8585,015.6256,017.4006,019.1834,020.9741,022.7726,024.5790,026.3933,028.2154,030.0455,031.8835,033.7294,035.5832
199,000.0000,001.6968,003.4010,005.1127,006.8319,008.5586,010.2929,012.0347,013.7840,015.5410,017.3056,019.0778,020.8576,022.6451,024.4402,026.2430,028.0535,029.8716,031.6975,033.5310,035.3722
200,000.0000,001.6882,003.3837,005.0865,006.7966,008.5140,010.2388,011.9709,013.7104,015.4573,017.2116,018.9733,020.7425,022.5191,024.3031,026.0946,027.8936,029.7000,031.5138,033.3351,035.1639
201,000.0000,001.6798,003.3666,005.0606,006.7617,008.4699,010.1853,011.9079,013.6376,015.3746,017.1188,018.8702,020.6288,022.3946,024.1677,025.9481,027.7357,029.5305,031.3326,033.1419,034.9584
202,000.0000,001.6714,003.3497,005.0349,006.7271,008.4263,010.1324,011.8455,013.5657,015.2928,017.0270,018.7682,020.5164,022.2717,024.0340,025.8033,027.5797,029.3632,031.1536,032.9511,034.7556
203,000.0000,001.6631,003.3329,005.0095,006.6929,008.3831,010.0801,011.7839,013.4945,015.2119,016.9362,018.6674,020.4053,022.1502,023.9018,025.6604,027.4257,029.1979,030.9770,032.7628,034.5555
204,000.0000,001.6549,003.3163,004.9844,006.6591,008.3404,010.0283,011.7229,013.4241,015.1320,016.8465,018.5677,020.2956,022.0301,023.7713,025.5191,027.2736,029.0347,030.8025,032.5769,034.3579
205,000.0000,001.6467,003.2999,004.9595,006.6256,008.2981,009.9771,011.6625,013.3545,015.0529,016.7578,018.4692,020.1871,021.9114,023.6422,025.3796,027.1233,028.8736,030.6302,032.3934,034.1629
206,000.0000,001.6387,003.2836,004.9349,006.5924,008.2563,009.9264,011.6029,013.2856,014.9747,016.6701,018.3718,020.0798,021.7941,023.5147,025.2417,026.9749,028.7144,030.4601,032.2121,033.9703
207,000.0000,001.6307,003.2675,004.9105,006.5596,008.2149,009.8763,011.5438,013.2175,014.8973,016.5833,018.2755,019.9738,021.6782,023.3887,025.1054,026.8282,028.5571,030.2921,032.0331,033.7802
208,000.0000,001.6228,003.2516,004.8864,006.5271,008.1739,009.8266,011.4854,013.1501,014.8208,016.4975,018.1802,019.8689,021.5636,023.2642,024.9708,026.6833,028.4017,030.1261,031.8563,033.5924
209,000.0000,001.6150,003.2358,004.8625,006.4950,008.1333,009.7775,011.4276,013.0834,014.7451,016.4127,018.0861,019.7653,021.4503,023.1411,024.8377,026.5400,028.2482,029.9621,031.6817,033.4070
210,000.0000,001.6072,003.2202,004.8388,006.4632,008.0932,009.7289,011.3703,013.0175,014.6703,016.3288,017.9929,019.6627,021.3382,023.0194,024.7061,026.3985,028.0965,029.8000,031.5092,033.2238
211,000.0000,001.5996,003.2047,004.8154,006.4316,008.0535,009.6808,011.3137,012.9522,014.5962,016.2457,017.9008,019.5614,021.2275,022.8990,024.5761,026.2586,027.9465,029.6399,031.3387,033.0429
212,000.0000,001.5920,003.1894,004.7922,006.4004,008.0141,009.6332,011.2577,012.8876,014.5229,016.1636,017.8097,019.4611,021.1179,022.7801,024.4475,026.1203,027.7984,029.4817,031.1703,032.8642
213,000.0000,001.5844,003.1742,004.7692,006.3696,007.9752,009.5861,011.2022,012.8237,014.4504,016.0823,017.7195,019.3619,021.0096,022.6624,024.3204,025.9836,027.6519,029.3254,031.0039,032.6876
214,000.0000,001.5770,003.1592,004.7465,006.3390,007.9366,009.5394,011.1474,012.7604,014.3786,016.0019,017.6304,019.2639,020.9024,022.5461,024.1947,025.8484,027.5072,029.1708,030.8395,032.5131
215,000.0000,001.5696,003.1443,004.7240,006.3087,007.8985,009.4932,011.0930,012.6978,014.3076,015.9224,017.5421,019.1668,020.7965,022.4310,024.0705,025.7148,027.3640,029.0181,030.6770,032.3406
216,000.0000,001.5623,003.1295,004.7016,006.2787,007.8607,009.4475,011.0393,012.6359,014.2373,015.8437,017.4548,019.0708,020.6916,022.3172,023.9476,025.5827,027.2225,028.8671,030.5163,032.1702
217,000.0000,001.5550,003.1149,004.6796,006.2490,007.8232,009.4022,010.9860,012.5745,014.1678,015.7658,017.3685,018.9759,020.5879,022.2047,023.8260,025.4520,027.0826,028.7178,030.3575,032.0018
218,000.0000,001.5479,003.1004,004.6577,006.2196,007.7862,009.3574,010.9333,012.5138,014.0989,015.6887,017.2830,018.8819,020.4854,022.0933,023.7058,025.3228,026.9443,028.5702,030.2005,031.8353
219,000.0000,001.5408,003.0861,004.6360,006.1905,007.7495,009.3130,010.8811,012.4537,014.0308,015.6124,017.1984,018.7889,020.3839,021.9832,023.5869,025.1950,026.8075,028.4243,030.0453,031.6707
220,000.0000,001.5337,003.0719,004.6145,006.1616,007.7131,009.2691,010.8294,012.3942,013.9634,015.5369,017.1147,018.6969,020.2834,021.8742,023.4693,025.0686,026.6722,028.2800,029.8919,031.5080
221,000.0000,001.5267,003.0578,004.5932,006.1330,007.6771,009.2256,010.7783,012.3353,013.8966,015.4621,017.0319,018.6059,020.1841,021.7664,023.3530,024.9436,026.5384,028.1372,029.7401,031.3471
222,000.0000,001.5198,003.0439,004.5722,006.1047,007.6415,009.1824,010.7276,012.2770,013.8305,015.3881,016.9499,018.5158,020.0857,021.6598,023.2378,024.8199,026.4060,027.9961,029.5901,031.1880
223,000.0000,001.5129,003.0300,004.5513,006.0767,007.6062,009.1398,010.6774,012.2192,013.7650,015.3149,016.8687,018.4266,019.9884,021.5542,023.1239,024.6976,026.2751,027.8565,029.4417,031.0307
224,000.0000,001.5062,003.0164,004.5306,006.0489,007.5712,009.0975,010.6278,012.1620,013.7002,015.2423,016.7884,018.3383,019.8921,021.4497,023.0112,024.5765,026.1456,027.7184,029.2949,030.8751
225,000.0000,001.4994,003.0028,004.5101,006.0214,007.5365,009.0556,010.5785,012.1054,013.6360,015.1705,016.7088,018.2509,019.7968,021.3464,022.8997,024.4567,026.0174,027.5817,029.1497,030.7213
226,000.0000,001.4927,002.9894,004.4898,005.9941,007.5022,009.0141,010.5298,012.0493,013.5725,015.0994,016.6301,018.1644,019.7024,021.2441,022.7893,024.3382,025.8906,027.4466,029.0061,030.5691
227,000.0000,001.4861,002.9760,004.4697,005.9671,007.4682,008.9730,010.4815,011.9937,013.5095,015.0290,016.5521,018.0788,019.6090,021.1428,022.6801,024.2209,025.7652,027.3129,028.8640,030.4185
228,000.0000,001.4796,002.9628,004.4497,005.9403,007.4345,008.9323,010.4337,011.9387,013.4472,014.9593,016.4749,017.9940,019.5165,021.0425,022.5720,024.1048,025.6410,027.1806,028.7234,030.2696
229,000.0000,001.4731,002.9497,004.4300,005.9138,007.4011,008.8920,010.3863,011.8842,013.3855,014.8903,016.3984,017.9100,019.4250,020.9433,022.4650,023.9899,025.5182,027.0496,028.5843,030.1223
230,000.0000,001.4666,002.9368,004.4104,005.8875,007.3680,008.8520,010.3394,011.8302,013.3244,014.8219,016.3227,017.8269,019.3344,020.8451,022.3590,023.8762,025.3966,026.9201,028.4467,029.9765
231,000.0000,001.4603,002.9239,004.3910,005.8614,007.3353,008.8124,010.2929,011.7767,013.2638,014.7542,016.2478,017.7446,019.2446,020.7478,022.2542,023.7636,025.2762,026.7919,028.3105,029.8322
232,000.0000,001.4539,002.9112,004.3718,005.8356,007.3028,008.7732,010.2469,011.7237,013.2038,014.6871,016.1735,017.6631,019.1558,020.6515,022.1503,023.6522,025.1571,026.6649,028.1758,029.6895
233,000.0000,001.4477,002.8986,004.3527,005.8100,007.2706,008.7343,010.2012,011.6713,013.1444,014.6207,016.1000,017.5824,019.0678,020.5562,022.0476,023.5419,025.0392,026.5393,028.0424,029.5483
234,000.0000,001.4414,002.8860,004.3338,005.7847,007.2387,008.6958,010.1560,011.6193,013.0856,014.5549,016.0272,017.5024,018.9806,020.4618,021.9458,023.4327,024.9224,026.4150,027.9104,029.4085
235,000.0000,001.4353,002.8736,004.3151,005.7596,007.2071,008.6577,010.1112,011.5677,013.0272,014.4897,015.9550,017.4232,018.8943,020.3683,021.8450,023.3246,024.8069,026.2919,027.7797,029.2701
236,000.0000,001.4292,002.8613,004.2965,005.7347,007.1758,008.6198,010.0668,011.5167,012.9695,014.4251,015.8835,017.3448,018.8089,020.2757,021.7452,023.2175,024.6925,026.1701,027.6503,029.1332
237,000.0000,001.4231,002.8491,004.2781,005.7100,007.1447,008.5823,010.0228,011.4661,012.9122,014.3611,015.8127,017.2671,018.7242,020.1840,021.6464,023.1115,024.5792,026.0494,027.5223,028.9976
238,000.0000,001.4171,002.8370,004.2598,005.6855,007.1139,008.5452,009.9792,011.4160,012.8555,014.2977,015.7426,017.1902,018.6404,020.0932,021.5486,023.0065,024.4670,025.9300,027.3955,028.8634
239,000.0000,001.4111,002.8250,004.2418,005.6612,007.0834,008.5084,009.9360,011.3663,012.7993,014.2349,015.6731,017.1139,018.5573,020.0032,021.4516,022.9025,024.3559,025.8117,027.2700,028.7306
240,000.0000,001.4052,002.8132,004.2238,005.6372,007.0532,008.4719,009.8932,011.3171,012.7436,014.1727,015.6043,017.0384,018.4750,019.9141,021.3556,022.7996,024.2459,025.6946,027.1457,028.5990
241,000.0000,001.3994,002.8014,004.2060,005.6133,007.0232,008.4357,009.8507,011.2683,012.6884,014.1110,015.5360,016.9636,018.3935,019.8258,021.2605,022.6976,024.1370,025.5787,027.0226,028.4688
242,000.0000,001.3935,002.7897,004.1884,005.5897,006.9935,008.3998,009.8087,011.2199,012.6337,014.0499,015.4685,016.8894,018.3127,019.7384,021.1664,022.5966,024.0291,025.4638,026.9007,028.3398
243,000.0000,001.3878,002.7781,004.1709,005.5662,006.9640,008.3643,009.7669,011.1720,012.5795,013.9893,015.4015,016.8160,018.2327,019.6518,021.0730,022.4965,023.9222,025.3501,026.7800,028.2121
244,000.0000,001.3821,002.7666,004.1536,005.5430,006.9348,008.3290,009.7256,011.1245,012.5258,013.9293,015.3351,016.7432,018.1534,019.5659,020.9806,022.3974,023.8164,025.2374,026.6605,028.0857
245,000.0000,001.3764,002.7552,004.1364,005.5200,006.9059,008.2941,009.6846,011.0774,012.4725,013.8698,015.2693,016.6710,018.0749,019.4809,020.8890,022.2992,023.7115,025.1258,026.5421,027.9604
246,000.0000,001.3708,002.7439,004.1194,005.4971,006.8772,008.2595,009.6440,011.0308,012.4197,013.8108,015.2041,016.5995,017.9970,019.3966,020.7983,022.2020,023.6076,025.0153,026.4249,027.8364
247,000.0000,001.3652,002.7327,004.1025,005.4745,006.8487,008.2251,009.6037,010.9845,012.3674,013.7524,015.1395,016.5287,017.9199,019.3131,020.7084,022.1056,023.5047,024.9058,026.3087,027.7136
248,000.0000,001.3597,002.7216,004.0857,005.4520,006.8204,008.1911,009.5638,010.9386,012.3155,013.6945,015.0755,016.4585,017.8435,019.2304,020.6193,022.0101,023.4028,024.7973,026.1937,027.5919
249,000.0000,001.3542,002.7106,004.0691,005.4297,006.7925,008.1573,009.5242,010.8931,012.2641,013.6371,015.0120,016.3889,017.7677,019.1484,020.5310,021.9155,023.3018,024.6899,026.0797,027.4713
250,000.0000,001.3488,002.6996,004.0526,005.4076,006.7647,008.1238,009.4849,010.8480,012.2131,013.5801,014.9491,016.3199,017.6926,019.0672,020.4435,021.8217,023.2017,024.5834,025.9668,027.3519
251,000.0000,001.3434,002.6888,004.0362,005.3857,006.7372,008.0906,009.4460,010.8033,012.1626,013.5237,014.8867,016.2515,017.6182,018.9866,020.3569,021.7288,023.1025,024.4779,025.8549,027.2336
252,000.0000,001.3380,002.6780,004.0200,005.3640,006.7099,008.0577,009.4074,010.7590,012.1125,013.4678,014.8249,016.1838,017.5444,018.9068,020.2709,021.6367,023.0042,024.3733,025.7441,027.1164
253,000.0000,001.3327,002.6673,004.0039,005.3424,006.6828,008.0250,009.3691,010.7151,012.0628,013.4123,014.7636,016.1166,017.4713,018.8277,020.1858,021.5455,022.9068,024.2698,025.6342,027.0003
254,000.0000,001.3274,002.6567,003.9880,005.3210,006.6559,007.9926,009.3312,010.6715,012.0135,013.3573,014.7028,016.0500,017.3988,018.7493,020.1014,021.4551,022.8103,024.1671,025.5254,026.8852
255,000.0000,001.3222,002.6462,003.9721,005.2998,006.6293,007.9605,009.2935,010.6282,011.9647,013.3028,014.6425,015.9839,017.3270,018.6716,020.0177,021.3654,022.7147,024.0654,025.4176,026.7712
256,000.0000,001.3170,002.6358,003.9564,005.2788,006.6029,007.9287,009.2562,010.5854,011.9162,013.2487,014.5828,015.9185,017.2557,018.5945,019.9348,021.2766,022.6199,023.9646,025.3107,026.6582
257,000.0000,001.3119,002.6255,003.9408,005.2579,006.5767,007.8971,009.2192,010.5429,011.8682,013.1951,014.5236,015.8536,017.1851,018.5181,019.8526,021.1885,022.5259,023.8646,025.2048,026.5463
258,000.0000,001.3068,002.6152,003.9254,005.2372,006.5507,007.8658,009.1824,010.5007,011.8206,013.1419,014.4648,015.7892,017.1151,018.4424,019.7711,021.1012,022.4327,023.7656,025.0998,026.4353
259,000.0000,001.3017,002.6051,003.9100,005.2167,006.5249,007.8347,009.1460,010.4589,011.7733,013.0892,014.4066,015.7254,017.0456,018.3673,019.6903,021.0147,022.3404,023.6674,024.9958,026.3253
260,000.0000,001.2967,002.5950,003.8948,005.1963,006.4993,007.8038,009.1099,010.4174,011.7265,013.0369,014.3488,015.6621,016.9768,018.2928,019.6102,020.9289,022.2489,023.5701,024.8926,026.2163
261,000.0000,001.2917,002.5849,003.8797,005.1761,006.4739,007.7733,009.0741,010.3763,011.6800,012.9851,014.2915,015.5994,016.9085,018.2190,019.5308,020.8439,022.1582,023.4737,024.7904,026.1083
262,000.0000,001.2867,002.5750,003.8648,005.1560,006.4487,007.7429,009.0385,010.3355,011.6339,012.9336,014.2347,015.5371,016.8409,018.1458,019.4521,020.7595,022.0682,023.3780,024.6891,026.0012
263,000.0000,001.2818,002.5651,003.8499,005.1361,006.4238,007.7128,009.0032,010.2950,011.5882,012.8826,014.1784,015.4754,016.7737,018.0733,019.3740,020.6759,021.9790,023.2832,024.5886,025.8950
264,000.0000,001.2770,002.5553,003.8352,005.1164,006.3990,007.6830,008.9683,010.2549,011.5428,012.8320,014.1225,015.4142,016.7072,018.0013,019.2966,020.5930,021.8906,023.1893,024.4890,025.7898
265,000.0000,001.2721,002.5456,003.8205,005.0968,006.3744,007.6533,008.9336,010.2151,011.4978,012.7819,014.0671,015.3535,016.6411,017.9299,019.2198,020.5108,021.8029,023.0961,024.3903,025.6855
266,000.0000,001.2673,002.5360,003.8060,005.0774,006.3500,007.6239,008.8991,010.1756,011.4532,012.7321,014.0121,015.2933,016.5757,017.8591,019.1437,020.4293,021.7160,023.0037,024.2924,025.5821
267,000.0000,001.2626,002.5264,003.7916,005.0581,006.3258,007.5948,008.8650,010.1364,011.4090,012.6827,013.9576,015.2336,016.5107,017.7889,019.0682,020.3485,021.6298,022.9121,024.1953,025.4795
268,000.0000,001.2578,002.5169,003.7773,005.0389,006.3018,007.5658,008.8311,010.0975,011.3650,012.6337,013.9035,015.1744,016.4463,017.7193,018.9933,020.2683,021.5443,022.8212,024.0991,025.3779
269,000.0000,001.2531,002.5075,003.7631,005.0199,006.2779,007.5371,008.7974,010.0589,011.3215,012.5851,013.8499,015.1156,016.3824,017.6503,018.9190,020.1888,021.4595,022.7311,024.0036,025.2770
270,000.0000,001.2485,002.4982,003.7490,005.0011,006.2543,007.5086,008.7641,010.0206,011.2782,012.5369,013.7966,015.0574,016.3191,017.5818,018.8454,020.1100,021.3754,022.6418,023.9090,025.1771
271,000.0000,001.2439,002.4889,003.7351,004.9824,006.2308,007.4804,008.7310,009.9826,011.2354,012.4891,013.7438,014.9995,016.2562,017.5138,018.7723,020.0318,021.2921,022.5532,023.8152,025.0780
272,000.0000,001.2393,002.4797,003.7212,004.9638,006.2075,007.4523,008.6981,009.9450,011.1928,012.4416,013.6914,014.9422,016.1938,017.4464,018.6999,019.9542,021.2094,022.4653,023.7221,024.9797
273,000.0000,001.2347,002.4705,003.7074,004.9454,006.1844,007.4245,008.6655,009.9076,011.1506,012.3946,013.6395,014.8853,016.1320,017.3796,018.6280,019.8773,021.1273,022.3782,023.6298,024.8822
274,000.0000,001.2302,002.4614,003.6938,004.9271,006.1615,007.3968,008.6332,009.8705,011.1087,012.3478,013.5879,014.8288,016.0706,017.3132,018.5567,019.8009,021.0460,022.2917,023.5383,024.7855
275,000.0000,001.2257,002.4524,003.6802,004.9090,006.1387,007.3694,008.6011,009.8336,011.0671,012.3015,013.5367,014.7728,016.0097,017.2474,018.4860,019.7252,020.9653,022.2060,023.4475,024.6896
276,000.0000,001.2212,002.4435,003.6667,004.8909,006.1161,007.3422,008.5692,009.7971,011.0259,012.2555,013.4860,014.7172,015.9493,017.1822,018.4158,019.6501,020.8852,022.1210,023.3574,024.5945
277,000.0000,001.2168,002.4346,003.6534,004.8731,006.0937,007.3152,008.5376,009.7608,010.9849,012.2098,013.4356,014.6621,015.8894,017.1174,018.3462,019.5756,020.8058,022.0366,023.2681,024.5002
278,000.0000,001.2124,002.4258,003.6401,004.8553,006.0714,007.2884,008.5062,009.7248,010.9443,012.1645,013.3856,014.6074,015.8299,017.0532,018.2771,019.5017,020.7270,021.9529,023.1795,024.4066
279,000.0000,001.2081,002.4171,003.6269,004.8377,006.0493,007.2618,008.4750,009.6891,010.9040,012.1196,013.3360,014.5531,015.7709,016.9894,018.2086,019.4284,020.6489,021.8699,023.0916,024.3138
280,000.0000,001.2037,002.4084,003.6139,004.8202,006.0274,007.2353,008.4441,009.6537,010.8640,012.0750,013.2868,014.4992,015.7123,016.9261,018.1406,019.3557,020.5713,021.7876,023.0044,024.2218
281,000.0000,001.1994,002.3997,003.6009,004.8028,006.0056,007.2091,008.4134,009.6185,010.8242,012.0307,013.2379,014.4457,015.6542,016.8634,018.0731,019.2835,020.4944,021.7059,022.9179,024.1304
282,000.0000,001.1952,002.3912,003.5880,004.7856,005.9840,007.1831,008.3830,009.5835,010.7848,011.9868,013.1894,014.3927,015.5966,016.8011,018.0062,019.2118,020.4181,021.6248,022.8321,024.0398
283,000.0000,001.1909,002.3827,003.5752,004.7685,005.9625,007.1573,008.3527,009.5489,010.7457,011.9432,013.1413,014.3400,015.5394,016.7393,017.9398,019.1408,020.3423,021.5444,022.7469,023.9499
284,000.0000,001.1867,002.3742,003.5625,004.7515,005.9412,007.1316,008.3227,009.5145,010.7069,011.8999,013.0935,014.2878,015.4826,016.6779,017.8738,019.0703,020.2672,021.4646,022.6624,023.8608
285,000.0000,001.1826,002.3659,003.5499,004.7346,005.9201,007.1062,008.2929,009.4803,010.6683,011.8569,013.0461,014.2359,015.4262,016.6171,017.8084,019.0003,020.1926,021.3854,022.5786,023.7723
286,000.0000,001.1784,002.3575,003.5374,004.7179,005.8991,007.0809,008.2633,009.4464,010.6301,011.8143,012.9991,014.1844,015.3703,016.5567,017.7435,018.9308,020.1186,021.3068,022.4955,023.6845
287,000.0000,001.1743,002.3493,003.5249,004.7013,005.8782,007.0558,008.2340,009.4127,010.5921,011.7720,012.9524,014.1333,015.3148,016.4967,017.6791,018.8619,020.0452,021.2289,022.4129,023.5974
288,000.0000,001.1702,002.3411,003.5126,004.6848,005.8575,007.0309,008.2048,009.3793,010.5544,011.7299,012.9060,014.0826,015.2597,016.4372,017.6152,018.7935,019.9723,021.1515,022.3310,023.5109
289,000.0000,001.1661,002.3329,003.5003,004.6684,005.8370,007.0061,008.1759,009.3461,010.5169,011.6882,012.8600,014.0323,015.2050,016.3781,017.5517,018.7257,019.9000,021.0747,022.2498,023.4252
290,000.0000,001.1621,002.3248,003.4882,004.6521,005.8166,006.9816,008.1471,009.3132,010.4798,011.6468,012.8144,013.9823,015.1507,016.3195,017.4887,018.6583,019.8282,020.9985,022.1691,023.3401
291,000.0000,001.1581,002.3168,003.4761,004.6359,005.7963,006.9572,008.1186,009.2805,010.4429,011.6057,012.7690,013.9327,015.0968,016.2613,017.4262,018.5914,019.7570,020.9229,022.0891,023.2556
292,000.0000,001.1541,002.3088,003.4641,004.6199,005.7762,006.9330,008.0903,009.2480,010.4063,011.5649,012.7240,013.8835,015.0433,016.2036,017.3642,018.5251,019.6863,020.8479,022.0097,023.1718
293,000.0000,001.1502,002.3009,003.4522,004.6039,005.7562,006.9089,008.0622,009.2158,010.3699,011.5244,012.6793,013.8346,014.9902,016.1462,017.3026,018.4592,019.6162,020.7734,021.9309,023.0886
294,000.0000,001.1463,002.2930,003.4403,004.5881,005.7364,006.8851,008.0342,009.1838,010.3338,011.4842,012.6349,013.7861,014.9375,016.0893,017.2414,018.3938,019.5465,020.6994,021.8526,023.0060
295,000.0000,001.1424,002.2852,003.4286,004.5724,005.7167,006.8614,008.0065,009.1520,010.2980,011.4442,012.5909,013.7379,014.8852,016.0328,017.1807,018.3289,019.4774,020.6261,021.7750,022.9241
296,000.0000,001.1385,002.2775,003.4169,004.5568,005.6971,006.8378,007.9790,009.1205,010.2624,011.4046,012.5472,013.6901,014.8333,015.9767,017.1205,018.2645,019.4087,020.5532,021.6979,022.8428
297,000.0000,001.1347,002.2698,003.4053,004.5413,005.6777,006.8145,007.9516,009.0891,010.2270,011.3652,012.5037,013.6426,014.7817,015.9210,017.0607,018.2005,019.3406,020.4809,021.6214,022.7620
298,000.0000,001.1308,002.2621,003.3938,004.5259,005.6584,006.7912,007.9245,009.0580,010.1919,011.3261,012.4606,013.5954,014.7305,015.8658,017.0013,018.1370,019.2730,020.4091,021.5454,022.6819
299,000.0000,001.1270,002.2545,003.3824,004.5106,005.6392,006.7682,007.8975,009.0271,010.1571,011.2873,012.4178,013.5486,014.6796,015.8109,016.9423,018.0740,019.2059,020.3379,021.4701,022.6024
300,000.0000,001.1233,002.2470,003.3710,004.4954,005.6202,006.7453,007.8707,008.9965,010.1225,011.2488,012.3753,013.5021,014.6291,015.7564,016.8838,018.0114,019.1392,020.2672,021.3952,022.5234
301,000.0000,001.1195,002.2395,003.3597,004.4803,005.6013,006.7226,007.8441,008.9660,010.0881,011.2105,012.3331,013.4560,014.5790,015.7023,016.8257,017.9493,019.0731,020.1969,021.3209,022.4450
302,000.0000,001.1158,002.2320,003.3485,004.4654,005.5825,006.7000,007.8177,008.9357,010.0540,011.1725,012.2912,013.4101,014.5293,015.6486,016.7680,017.8876,019.0074,020.1272,021.2472,022.3672
303,000.0000,001.1121,002.2246,003.3374,004.4505,005.5639,006.6776,007.7915,008.9057,010.0201,011.1347,012.2496,013.3646,014.4798,015.5952,016.7107,017.8264,018.9421,020.0580,021.1740,022.2900
304,000.0000,001.1085,002.2172,003.3263,004.4357,005.5454,006.6553,007.7654,008.8758,009.9864,011.0973,012.2083,013.3194,014.4308,015.5422,016.6538,017.7656,018.8774,019.9893,021.1013,022.2133
305,000.0000,001.1048,002.2099,003.3153,004.4210,005.5270,006.6331,007.7396,008.8462,009.9530,011.0600,012.1672,013.2745,014.3820,015.4896,016.5974,017.7052,018.8131,019.9211,021.0291,022.1372
306,000.0000,001.1012,002.2027,003.3044,004.4064,005.5087,006.6112,007.7139,008.8167,009.9198,011.0231,012.1264,013.2300,014.3336,015.4374,016.5413,017.6452,018.7493,019.8533,020.9574,022.0616
307,000.0000,001.0976,002.1955,003.2936,004.3920,005.4905,006.5893,007.6883,008.7875,009.8868,010.9863,012.0860,013.1857,014.2856,015.3855,016.4856,017.5857,018.6859,019.7861,020.8863,021.9865
308,000.0000,001.0940,002.1883,003.2828,004.3776,005.4725,006.5677,007.6630,008.7585,009.8541,010.9499,012.0458,013.1418,014.2379,015.3340,016.4303,017.5266,018.6229,019.7193,020.8156,021.9120
309,000.0000,001.0905,002.1812,003.2721,004.3633,005.4546,006.5461,007.6378,008.7296,009.8216,010.9136,012.0058,013.0981,014.1905,015.2829,016.3754,017.4679,018.5604,019.6529,020.7455,021.8380
310,000.0000,001.0870,002.1741,003.2615,004.3491,005.4368,006.5247,007.6128,008.7009,009.7892,010.8777,011.9662,013.0547,014.1434,015.2321,016.3208,017.4096,018.4983,019.5871,020.6758,021.7645
311,000.0000,001.0835,002.1671,003.2510,004.3350,005.4191,006.5035,007.5879,008.6725,009.7572,010.8419,011.9268,013.0117,014.0966,015.1816,016.2666,017.3517,018.4367,019.5217,020.6067,021.6916
312,000.0000,001.0800,002.1601,003.2405,004.3210,005.4016,006.4823,007.5632,008.6442,009.7253,010.8064,011.8876,012.9689,014.0502,015.1315,016.2128,017.2942,018.3755,019.4567,020.5380,021.6191
313,000.0000,001.0765,002.1532,003.2300,004.3070,005.3841,006.4614,007.5387,008.6161,009.6936,010.7712,011.8488,012.9264,014.0041,015.0817,016.1594,017.2371,018.3147,019.3922,020.4698,021.5472
314,000.0000,001.0731,002.1463,003.2197,004.2932,005.3668,006.4405,007.5143,008.5882,009.6622,010.7361,011.8102,012.8842,013.9583,015.0323,016.1063,017.1803,018.2543,019.3282,020.4020,021.4758
315,000.0000,001.0697,002.1395,003.2094,004.2795,005.3496,006.4198,007.4901,008.5605,009.6309,010.7013,011.7718,012.8423,013.9128,014.9832,016.0536,017.1240,018.1943,019.2646,020.3347,021.4048
316,000.0000,001.0663,002.1327,003.1992,004.2658,005.3325,006.3993,007.4661,008.5330,009.5999,010.6668,011.7337,012.8006,013.8676,014.9344,016.0013,017.0681,018.1348,019.2014,020.2679,021.3343
317,000.0000,001.0629,002.1259,003.1890,004.2522,005.3155,006.3788,007.4422,008.5056,009.5690,010.6324,011.6959,012.7593,013.8227,014.8860,015.9493,017.0125,018.0756,019.1386,020.2016,021.2644
318,000.0000,001.0596,002.1192,003.1789,004.2387,005.2986,006.3585,007.4185,008.4784,009.5384,010.5983,011.6583,012.7182,013.7781,014.8379,015.8976,016.9573,018.0168,019.0763,020.1357,021.1949
319,000.0000,001.0562,002.1125,003.1689,004.2254,005.2818,006.3383,007.3949,008.4514,009.5079,010.5645,011.6209,012.6774,013.7338,014.7901,015.8463,016.9024,017.9585,019.0144,020.0702,021.1258
320,000.0000,001.0529,002.1059,003.1590,004.2120,005.2652,006.3183,007.3714,008.4246,009.4777,010.5308,011.5838,012.6368,013.6897,014.7426,015.7953,016.8480,017.9005,018.9529,020.0052,021.0573
321,000.0000,001.0496,002.0993,003.1491,004.1988,005.2486,006.2984,007.3482,008.3979,009.4477,010.4973,011.5470,012.5965,013.6460,014.6954,015.7447,016.7939,017.8429,018.8918,019.9406,020.9892
322,000.0000,001.0464,002.0928,003.1392,004.1857,005.2321,006.2786,007.3250,008.3714,009.4178,010.4641,011.5103,012.5565,013.6026,014.6486,015.6944,016.7401,017.7857,018.8312,019.8764,020.9215
323,000.0000,001.0431,002.0863,003.1294,004.1726,005.2158,006.2589,007.3020,008.3451,009.3881,010.4311,011.4740,012.5167,013.5594,014.6020,015.6444,016.6867,017.7289,018.7709,019.8127,020.8543
324,000.0000,001.0399,002.0798,003.1197,004.1596,005.1995,006.2394,007.2792,008.3190,009.3587,010.3983,011.4378,012.4772,013.5166,014.5557,015.5948,016.6337,017.6725,018.7110,019.7494,020.7876
325,000.0000,001.0367,002.0734,003.1101,004.1467,005.1834,006.2200,007.2565,008.2930,009.3294,010.3657,011.4019,012.4380,013.4740,014.5098,015.5455,016.5810,017.6164,018.6516,019.6865,020.7213
326,000.0000,001.0335,002.0670,003.1005,004.1339,005.1673,006.2007,007.2340,008.2672,009.3003,010.3333,011.3662,012.3990,013.4316,014.4641,015.4965,016.5287,017.5607,018.5925,019.6241,020.6555
327,000.0000,001.0303,002.0607,003.0909,004.1212,005.1514,006.1815,007.2116,008.2415,009.2714,010.3011,011.3308,012.3602,013.3896,014.4188,015.4478,016.4767,017.5053,018.5338,019.5620,020.5900
328,000.0000,001.0272,002.0544,003.0815,004.1085,005.1355,006.1625,007.1893,008.2160,009.2426,010.2692,011.2955,012.3217,013.3478,014.3737,015.3995,016.4250,017.4503,018.4755,019.5004,020.5250
329,000.0000,001.0241,002.0481,003.0721,004.0960,005.1198,006.1435,007.1672,008.1907,009.2141,010.2374,011.2605,012.2835,013.3063,014.3289,015.3514,016.3737,017.3957,018.4175,019.4391,020.4605
330,000.0000,001.0210,002.0419,003.0627,004.0835,005.1041,006.1247,007.1452,008.1655,009.1857,010.2058,011.2257,012.2455,013.2651,014.2845,015.3037,016.3227,017.3414,018.3600,019.3783,020.3963
331,000.0000,001.0179,002.0357,003.0534,004.0710,005.0886,006.1060,007.1233,008.1405,009.1575,010.1744,011.1912,012.2077,013.2241,014.2403,015.2562,016.2720,017.2875,018.3028,019.3178,020.3326
332,000.0000,001.0148,002.0295,003.0441,004.0587,005.0731,006.0874,007.1016,008.1156,009.1295,010.1432,011.1568,012.1702,013.1834,014.1963,015.2091,016.2216,017.2339,018.2460,019.2578,020.2693
333,000.0000,001.0117,002.0234,003.0350,004.0464,005.0577,006.0689,007.0800,008.0909,009.1017,010.1123,011.1227,012.1329,013.1429,014.1527,015.1622,016.1716,017.1807,018.1895,019.1981,020.2064
334,000.0000,001.0087,002.0173,003.0258,004.0342,005.0425,006.0506,007.0586,008.0664,009.0740,010.0815,011.0887,012.0958,013.1027,014.1093,015.1157,016.1219,017.1278,018.1334,019.1388,020.1439
335,000.0000,001.0057,002.0113,003.0167,004.0221,005.0273,006.0323,007.0372,008.0420,009.0465,010.0509,011.0550,012.0590,013.0627,014.0662,015.0695,016.0725,017.0752,018.0777,019.0799,020.0818
336,000.0000,001.0027,002.0053,003.0077,004.0100,005.0122,006.0142,007.0160,008.0177,009.0192,010.0205,011.0215,012.0224,013.0230,014.0234,015.0235,016.0234,017.0230,018.0223,019.0213,020.0201
337,000.0000,000.9997,001.9993,002.9987,003.9981,004.9972,005.9962,006.9950,007.9936,008.9920,009.9902,010.9882,011.9860,012.9835,013.9808,014.9778,015.9746,016.9711,017.9673,018.9632,019.9587
338,000.0000,000.9967,001.9934,002.9898,003.9861,004.9823,005.9783,006.9740,007.9696,008.9650,009.9602,010.9551,011.9498,012.9443,013.9385,014.9324,015.9261,016.9195,017.9126,018.9053,019.8978
339,000.0000,000.9938,001.9875,002.9810,003.9743,004.9675,005.9605,006.9532,007.9458,008.9382,009.9303,010.9222,011.9139,012.9053,013.8965,014.8873,015.8779,016.8682,017.8582,018.8479,019.8373
340,000.0000,000.9909,001.9816,002.9722,003.9625,004.9527,005.9428,006.9326,007.9222,008.9115,009.9007,010.8896,011.8782,012.8666,013.8547,014.8425,015.8301,016.8173,017.8042,018.7908,019.7771
341,000.0000,000.9880,001.9758,002.9634,003.9508,004.9381,005.9252,006.9120,007.8986,008.8850,009.8712,010.8571,011.8427,012.8281,013.8132,014.7980,015.7825,016.7667,017.7506,018.7341,019.7173
342,000.0000,000.9851,001.9700,002.9547,003.9392,004.9235,005.9077,006.8916,007.8752,008.8587,009.8418,010.8248,011.8074,012.7898,013.7719,014.7537,015.7352,016.7164,017.6972,018.6777,019.6579
343,000.0000,000.9822,001.9642,002.9460,003.9277,004.9091,005.8903,006.8713,007.8520,008.8325,009.8127,010.7927,011.7724,012.7518,013.7309,014.7097,015.6882,016.6664,017.6442,018.6217,019.5989
344,000.0000,000.9793,001.9585,002.9374,003.9162,004.8947,005.8730,006.8511,007.8289,008.8064,009.7837,010.7608,011.7375,012.7140,013.6901,014.6660,015.6415,016.6167,017.5915,018.5661,019.5402
345,000.0000,000.9765,001.9528,002.9289,003.9048,004.8804,005.8558,006.8310,007.8059,008.7806,009.7550,010.7291,011.7029,012.6764,013.6496,014.6225,015.5951,016.5673,017.5392,018.5107,019.4819
346,000.0000,000.9737,001.9471,002.9204,003.8934,004.8662,005.8387,006.8110,007.7831,008.7548,009.7263,010.6975,011.6685,012.6391,013.6093,014.5793,015.5489,016.5182,017.4872,018.4557,019.4239
347,000.0000,000.9709,001.9415,002.9119,003.8821,004.8521,005.8218,006.7912,007.7604,008.7293,009.6979,010.6662,011.6342,012.6019,013.5693,014.5364,015.5031,016.4694,017.4354,018.4011,019.3664
348,000.0000,000.9681,001.9359,002.9035,003.8709,004.8380,005.8049,006.7715,007.7378,008.7039,009.6696,010.6351,011.6002,012.5650,013.5295,014.4937,015.4575,016.4210,017.3840,018.3468,019.3091
349,000.0000,000.9653,001.9303,002.8952,003.8597,004.8240,005.7881,006.7519,007.7154,008.6786,009.6415,010.6041,011.5664,012.5284,013.4900,014.4513,015.4122,016.3728,017.3330,018.2928,019.2522
350,000.0000,000.9625,001.9248,002.8868,003.8486,004.8102,005.7714,006.7324,007.6931,008.6535,009.6136,010.5733,011.5328,012.4919,013.4507,014.4091,015.3672,016.3249,017.2822,018.2391,019.1957
351,000.0000,000.9598,001.9193,002.8786,003.8376,004.7964,005.7548,006.7130,007.6709,008.6285,009.5858,010.5427,011.4994,012.4556,013.4116,014.3672,015.3224,016.2772,017.2317,018.1858,019.1395
352,000.0000,000.9570,001.9138,002.8704,003.8266,004.7826,005.7383,006.6938,007.6489,008.6037,009.5582,010.5123,011.4661,012.4196,013.3727,014.3255,015.2779,016.2299,017.1815,018.1328,019.0836
353,000.0000,000.9543,001.9084,002.8622,003.8157,004.7690,005.7220,006.6746,007.6270,008.5790,009.5307,010.4821,011.4331,012.3838,013.3341,014.2841,015.2337,016.1829,017.1317,018.0801,019.0281
354,000.0000,000.9516,001.9030,002.8541,003.8049,004.7554,005.7057,006.6556,007.6052,008.5545,009.5034,010.4520,011.4003,012.3482,013.2957,014.2429,015.1897,016.1361,017.0821,018.0277,018.9729
355,000.0000,000.9489,001.8976,002.8460,003.7941,004.7419,005.6894,006.6366,007.5835,008.5301,009.4763,010.4221,011.3676,012.3128,013.2576,014.2020,015.1460,016.0896,017.0328,017.9756,018.9180
356,000.0000,000.9463,001.8923,002.8380,003.7834,004.7285,005.6733,006.6178,007.5620,008.5058,009.4493,010.3924,011.3352,012.2776,013.2196,014.1613,015.1025,016.0434,016.9838,017.9239,018.8635
357,000.0000,000.9436,001.8870,002.8300,003.7728,004.7152,005.6573,006.5991,007.5406,008.4817,009.4225,010.3629,011.3029,012.2426,013.1819,014.1208,015.0593,015.9974,016.9351,017.8724,018.8093
358,000.0000,000.9410,001.8817,002.8221,003.7622,004.7019,005.6414,006.5805,007.5193,008.4577,009.3958,010.3335,011.2709,012.2078,013.1444,014.0806,015.0164,015.9518,016.8867,017.8213,018.7554
359,000.0000,000.9384,001.8764,002.8142,003.7516,004.6887,005.6255,006.5620,007.4981,008.4339,009.3693,010.3043,011.2390,012.1733,013.1071,014.0406,014.9737,015.9064,016.8386,017.7704,018.7018
360,000.0000,000.9357,001.8712,002.8063,003.7411,004.6756,005.6098,006.5436,007.4771,008.4102,009.3429,010.2753,011.2073,012.1389,013.0701,014.0009,014.9313,015.8612,016.7908,017.7199,018.6485
361,000.0000,000.9332,001.8660,002.7985,003.7307,004.6626,005.5941,006.5253,007.4561,008.3866,009.3167,010.2464,011.1757,012.1047,013.0332,013.9613,014.8891,015.8163,016.7432,017.6696,018.5956
362,000.0000,000.9306,001.8608,002.7908,003.7204,004.6496,005.5786,006.5071,007.4353,008.3632,009.2906,010.2177,011.1444,012.0707,012.9966,013.9221,014.8471,015.7717,016.6959,017.6197,018.5430
363,000.0000,000.9280,001.8557,002.7830,003.7101,004.6367,005.5631,006.4890,007.4146,008.3399,009.2647,010.1892,011.1132,012.0369,012.9602,013.8830,014.8054,015.7274,016.6489,017.5700,018.4906
364,000.0000,000.9255,001.8506,002.7754,003.6998,004.6239,005.5477,006.4711,007.3941,008.3167,009.2389,010.1608,011.0823,012.0033,012.9239,013.8441,014.7639,015.6833,016.6022,017.5206,018.4386
365,000.0000,000.9229,001.8455,002.7677,003.6896,004.6112,005.5324,006.4532,007.3736,008.2937,009.2133,010.1326,011.0514,011.9699,012.8879,013.8055,014.7227,015.6394,016.5557,017.4715,018.3869
366,000.0000,000.9204,001.8404,002.7601,003.6795,004.5985,005.5171,006.4354,007.3533,008.2708,009.1878,010.1045,011.0208,011.9367,012.8521,013.7671,014.6817,015.5958,016.5095,017.4227,018.3354
367,000.0000,000.9179,001.8354,002.7526,003.6694,004.5859,005.5020,006.4177,007.3330,008.2480,009.1625,010.0766,010.9904,011.9036,012.8165,013.7289,014.6409,015.5525,016.4635,017.3742,018.2843
368,000.0000,000.9154,001.8304,002.7451,003.6594,004.5734,005.4869,006.4001,007.3129,008.2253,009.1373,010.0489,010.9601,011.8708,012.7811,013.6910,014.6004,015.5094,016.4179,017.3259,018.2335
369,000.0000,000.9129,001.8254,002.7376,003.6494,004.5609,005.4719,006.3826,007.2929,008.2028,009.1123,010.0213,010.9299,011.8381,012.7459,013.6532,014.5601,015.4665,016.3725,017.2779,018.1829
370,000.0000,000.9104,001.8205,002.7302,003.6395,004.5485,005.4571,006.3652,007.2730,008.1804,009.0873,009.9939,010.9000,011.8057,012.7109,013.6157,014.5200,015.4239,016.3273,017.2302,018.1327
371,000.0000,000.9080,001.8156,002.7228,003.6297,004.5362,005.4422,006.3479,007.2532,008.1581,009.0626,009.9666,010.8702,011.7734,012.6761,013.5784,014.4802,015.3815,016.2824,017.1828,018.0827
372,000.0000,000.9055,001.8107,002.7155,003.6199,004.5239,005.4275,006.3307,007.2335,008.1359,009.0379,009.9395,010.8406,011.7412,012.6415,013.5412,014.4405,015.3394,016.2377,017.1356,018.0330
373,000.0000,000.9031,001.8058,002.7082,003.6101,004.5117,005.4129,006.3136,007.2140,008.1139,009.0134,009.9125,010.8111,011.7093,012.6070,013.5043,014.4011,015.2975,016.1933,017.0887,017.9836
374,000.0000,000.9007,001.8010,002.7009,003.6004,004.4996,005.3983,006.2966,007.1945,008.0920,008.9890,009.8856,010.7818,011.6775,012.5728,013.4676,014.3619,015.2558,016.1492,017.0421,017.9345
375,000.0000,000.8983,001.7962,002.6937,003.5908,004.4875,005.3838,006.2797,007.1751,008.0702,008.9648,009.8590,010.7527,011.6460,012.5388,013.4311,014.3230,015.2144,016.1053,016.9957,017.8856
376,000.0000,000.8959,001.7914,002.6865,003.5812,004.4755,005.3694,006.2628,007.1559,008.0485,008.9407,009.8324,010.7237,011.6145,012.5049,013.3948,014.2842,015.1732,016.0616,016.9496,017.8370
377,000.0000,000.8935,001.7866,002.6793,003.5716,004.4636,005.3550,006.2461,007.1367,008.0270,008.9167,009.8060,010.6949,011.5833,012.4712,013.3587,014.2457,015.1322,016.0182,016.9037,017.7887
378,000.0000,000.8911,001.7819,002.6722,003.5622,004.4517,005.3408,006.2295,007.1177,008.0055,008.8929,009.7798,010.6662,011.5522,012.4378,013.3228,014.2074,015.0914,015.9750,016.8581,017.7407
379,000.0000,000.8888,001.7772,002.6651,003.5527,004.4399,005.3266,006.2129,007.0988,007.9842,008.8692,009.7537,010.6377,011.5213,012.4044,013.2871,014.1692,015.0509,015.9321,016.8127,017.6929
380,000.0000,000.8864,001.7725,002.6581,003.5433,004.4281,005.3125,006.1964,007.0799,007.9630,008.8456,009.7277,010.6094,011.4906,012.3713,013.2516,014.1313,015.0106,015.8894,016.7676,017.6454
381,000.0000,000.8841,001.7678,002.6511,003.5340,004.4164,005.2985,006.1800,007.0612,007.9419,008.8221,009.7019,010.5812,011.4600,012.3384,013.2163,014.0936,014.9705,015.8469,016.7228,017.5981
382,000.0000,000.8818,001.7632,002.6441,003.5247,004.4048,005.2845,006.1637,007.0425,007.9209,008.7988,009.6762,010.5532,011.4296,012.3056,013.1811,014.0561,014.9307,015.8047,016.6782,017.5511
383,000.0000,000.8795,001.7586,002.6372,003.5155,004.3933,005.2706,006.1475,007.0240,007.9000,008.7756,009.6507,010.5253,011.3994,012.2730,013.1462,014.0189,014.8910,015.7627,016.6338,017.5044
384,000.0000,000.8772,001.7540,002.6303,003.5063,004.3818,005.2568,006.1314,007.0056,007.8793,008.7525,009.6252,010.4975,011.3693,012.2406,013.1114,013.9818,014.8516,015.7209,016.5897,017.4579
385,000.0000,000.8749,001.7494,002.6235,003.4971,004.3703,005.2431,006.1154,006.9872,007.8586,008.7295,009.6000,010.4699,011.3394,012.2084,013.0769,013.9449,014.8124,015.6793,016.5458,017.4117
386,000.0000,000.8726,001.7449,002.6167,003.4880,004.3589,005.2294,006.0994,006.9690,007.8381,008.7067,009.5748,010.4425,011.3097,012.1763,013.0425,013.9082,014.7734,015.6380,016.5021,017.3657
387,000.0000,000.8704,001.7404,002.6099,003.4790,004.3476,005.2158,006.0835,006.9508,007.8176,008.6840,009.5498,010.4152,011.2801,012.1444,013.0083,013.8717,014.7346,015.5969,016.4587,017.3200
388,000.0000,000.8681,001.7359,002.6031,003.4700,004.3364,005.2023,006.0678,006.9328,007.7973,008.6614,009.5249,010.3880,011.2506,012.1127,012.9743,013.8354,014.6960,015.5560,016.4155,017.2745
389,000.0000,000.8659,001.7314,002.5964,003.4610,004.3252,005.1888,006.0521,006.9148,007.7771,008.6389,009.5002,010.3610,011.2213,012.0812,012.9405,013.7993,014.6576,015.5153,016.3726,017.2293
390,000.0000,000.8637,001.7269,002.5897,003.4521,004.3140,005.1755,006.0364,006.8969,007.7570,008.6165,009.4756,010.3341,011.1922,012.0498,012.9068,013.7634,014.6194,015.4749,016.3299,017.1843
391,000.0000,000.8615,001.7225,002.5831,003.4432,004.3029,005.1621,006.0209,006.8792,007.7370,008.5943,009.4511,010.3074,011.1632,012.0186,012.8734,013.7277,014.5814,015.4347,016.2874,017.1396
392,000.0000,000.8593,001.7181,002.5765,003.4344,004.2919,005.1489,006.0054,006.8615,007.7171,008.5721,009.4267,010.2808,011.1344,011.9875,012.8401,013.6921,014.5437,015.3947,016.2451,017.0950
393,000.0000,000.8571,001.7137,002.5699,003.4257,004.2809,005.1357,005.9900,006.8439,007.6973,008.5501,009.4025,010.2544,011.1058,011.9566,012.8070,013.6568,014.5061,015.3548,016.2031,017.0508
394,000.0000,000.8549,001.7094,002.5634,003.4169,004.2700,005.1226,005.9747,006.8264,007.6776,008.5282,009.3784,010.2281,011.0772,011.9259,012.7740,013.6216,014.4687,015.3153,016.1613,017.0067
395,000.0000,000.8527,001.7050,002.5569,003.4082,004.2591,005.1096,005.9595,006.8090,007.6580,008.5064,009.3544,010.2019,011.0489,011.8953,012.7412,013.5866,014.4315,015.2759,016.1197,016.9629
396,000.0000,000.8506,001.7007,002.5504,003.3996,004.2483,005.0966,005.9444,006.7917,007.6385,008.4848,009.3306,010.1759,011.0206,011.8649,012.7086,013.5519,014.3945,015.2367,016.0783,016.9193
397,000.0000,000.8484,001.6964,002.5440,003.3910,004.2376,005.0837,005.9293,006.7744,007.6191,008.4632,009.3068,010.1500,010.9926,011.8346,012.6762,013.5172,014.3577,015.1977,016.0371,016.8760
398,000.0000,000.8463,001.6922,002.5375,003.3825,004.2269,005.0708,005.9143,006.7573,007.5998,008.4418,009.2832,010.1242,010.9646,011.8046,012.6440,013.4828,014.3211,015.1589,015.9962,016.8329
399,000.0000,000.8442,001.6879,002.5312,003.3739,004.2163,005.0581,005.8994,006.7402,007.5806,008.4204,009.2597,010.0985,010.9368,011.7746,012.6119,013.4486,014.2847,015.1204,015.9555,016.7900
400,000.0000,000.8421,001.6837,002.5248,003.3655,004.2057,005.0454,005.8846,006.7233,007.5615,008.3992,009.2364,010.0730,010.9092,011.7448,012.5799,013.4145,014.2485,015.0820,015.9149,016.7473
